"ResponseId","defer1","defer2","defer3","defer4","defer5","defer6","expedite1","expedite2","expedite3","expedite4","expedite5","expedite6","Age_1","Race","Gender"
"R_2VL2w2YFZ365QYi","60","3000","120","875","2050","300","20","1000","20","750","950","5",18,1,2
"R_1Mih26jc63kcmWO","40","1500","75","800","1250","50","40","1500","75","800","1250","50",18,2,2
"R_2rT22HC4nQCkYr7","80","10,000","500","6,000","8,000","2,000","30","500","50","750","1,000","50",18,1,2
"R_3S7jhW8uuNiySLC","80","3000","175","1400","3250","1000","2","15","3","100","12","1",19,1,2
"R_3lodsSrfolWPjXF","100","30,000","300","2,000","15,000","50,000","20","300","15","200","30","1",21,1,2
"R_7rOBFa66bO9UYff","1200","3000","300","1000","2000","300","20","800","20","500","900","20",19,2,1
"R_2WAtR5c9G3NXafS","150","18000","450","1000","7500","600","40","1500","75","800","1250","50",18,5,2
"R_1MXw8UO3Jb4xBGF","200","8000","325","1000","1281","54","20","700","40","400","300","5",22,4,1
"R_2JPWIfHGwzGFIDO","200","20,000","800","1,500","8,000","1,000","10","50","5","200","150","1",19,1,2
"R_5GEoImYjABUP5Ez","100","5000","500","2000","6000","5000","5","50","20","80","150","5",21,1,2
"R_12MivMT3cfbLRVA","50","4000","150","900","3000","300","30","1300","20","700","1100","10",18,1,2
"R_3uvkXL6nq4MwwTL","600","25000","5000","1500","35000","10000","10","1000","10","100","150","5",19,7,2
"R_5lzVxDyWHJIVKO5","400","15000","750","1600","1500","500","20","750","45","400","900","30",18,1,2
"R_7PiwCsMor4xwdwZ","867","18000","12","26","208","4","40","1500","75","800","1250","50",19,1,2
"R_62RkTNiw5jERAXS","200","3500","500","3200","5400","1000","4","150","7.24","200","22","1",20,1,2
"R_51Y2HL86QK8jsYb","400","180000","4500","8000","75000","6000","4","20","10","80","15","5",19,7,2
"R_3rvJKhzFW3mctYb","40","1500","75","800","1250","50","40","1500","75","800","1250","50",19,1,2
"R_2jRnfS2uhjM7met","200","20000","500","3000","10000","800","80","400","100","1200","1600","200",20,6,2
"R_5dOQp6ptNbHcOxb","80","1500","75","800","1250","1000","20","500","42","400","1200","5",19,2,1
"R_1duvdgYuhMg5vxK","100","5000","500","1000","3000","5000","140","500","100","1000","1000","100",19,7,2
"R_1g6ZMcf5PCdjLdS","60","10000","500","900","3000","1000","5","200","15","400","500","5",18,4,3
"R_3hEGEBCLtpRPZtY","50","2,500","150","850","1,500","1,000","20","150","15","550","500","5",18,1,2
"R_7DnH5cpri43liuz","80","3000","150","1600","2500","100","40","500","75","300","500","50",19,1,2
"R_5Tnu7d2IbAceALJ","120","3000","225","1600","3750","700","20","750","20","500","650","20",19,7,1
"R_3KqrP2L6TAMsnbf","250","10000","1000","1200","5000","500","40","500","20","400","500","25",20,6,2
"R_3iOQLBRzwW1jVSE","40","125","12.50","26","208","4","40","1500","75","800","1250","50",19,1,2
"R_6OZXhyCC7hdBs3s","1000","30,000","15,000","2000","5,000","12,000","20","600","700","500","600","10",21,1,1
"R_2uqSTB5pRNRMfLc","40","1500","75","800","1250","50","40","0","75","800","0","50",18,1,2
"R_2hXZYcUWh2nbVRn","80","3000","150","1600","2500","100","20","750","30","400","600","25",19,1,2
"R_2VTXRuf4m2t7t97","200","20000","500","5000","10000","600","5","100","20","200","100","5",19,6,1
"R_5gRS21Hc06VPOgp","40","18000","450","800","7500","600","15","500","5","50","100","2",18,4,2
"R_1UW1lYoLtkgNazQ","40","1500","75","800","1250","50","30","150","17","80","12.50","5",19,1,2
"R_77gvLlATyZU0ULh","100","20000","600","2000","12500","1000","10","100","15","400","250","5",19,7,2
"R_1O0Kigu74eEgTAJ","1200","540000","13500","24000","225000","18000","1.3","4.16","0.4","26","6.9","0.13",19,1,1
"R_5pvIMScIamULom5","100","15,000","1000","2000","5000","50","10","500","10","500","400","10",19,6,1
"R_1JkEg1ocr9nkyJr","80","750","450","400","208","50","40","1500","75","800","1250","50",19,1,2
"R_1dcaiwiQUJYFjDG","100","5000","200","1000","3000","1000","20","500","35","400","750","10",18,1,1
"R_7eBJD0T07NxosWl","80","125","450","400","208","600","20","80","450","400"," 500","12",20,2,2
"R_70v3OLfd8qVy008","20","750","37.5","400","208","25","40","750","12.5","800","208","50",19,7,2
"R_5gRFVmqdiOeT5mN","40.08","1581.15.","75.5","8031","1262","52","41","1580","80","850","1260","55",21,4,2
"R_1FA1qre8lfYjwPY","40","1500","75","800","1250","50","40","1500","75","800","1250","50",18,1,2
"R_7lIUBXIBpx6rKUh","1120","6,570,000","12,600","22,400","210,000","16,800","1.43","4.46","0.44","28.57","7.44","0.15",NA,NA,NA
"R_1RjSuwiP8PqbZvb","80","300","125","1000","1850","200","20","800","40","600","600","20",21,1,1
"R_3CPqbgWYbulmTJv","20","750","38","400","625","25","80","750","37.5","400","625","25",19,2,1
"R_5FOD3VISpbE3pwl","60","4000","200","1000","2500","200","25","800","35","600","700","15",19,1,2
"R_7whQdSc4lIivNje","100","10000","300","900","5000","300","20","500","45","700","1000","5",18,1,1
"R_1jGkww0tMDpmvTP","1200","547000","15000","20000","225000","100000","30","750","2","500","800","40",19,1,1
"R_1jB1qHWMKPTxhvU","1","125","12.50","27","208","4","1","125","12.50","27","6","1.34",19,1,2
"R_6koawpKpWlitgvD","40","125","12.5","800","208","4","40","500","13","800","208","4",23,7,6
"R_1U5YRDAkt5USgUs","150","6000","600","4000","10000","2000","30","500","20","400","600","25",19,1,2
"R_2OPIdR7HcIGyGaA","400","10000","500","2000","5000","2000","20","100","15","200","100","50",18,1,2
"R_2506YcWtDozUK4x","30","125","13","80","105","5","40","1500","25","80","105","5",19,2,2
"R_1IQxQ1vJVTXlVDD","40","125","12.5","800","208.3","4.17","40","18000","450","800","7500","600",19,6,2
"R_5jiIU4MzlcnrMha","100","7000","750","2300","7250","750","10","200","12","150","250","10",20,1,1
"R_7zu1Offj2V0Lcny","100","4800","400","1200","1800","1000","15","800","24","450","750","5",21,1,1
"R_77duppwysqg8FdP","300","18000","800","3000","10000","4000","20","900","35","250","500","10",24,2,2
"R_1GKvMZVkxpNjSWi","80","3000","150","1000","2000","600","10","125","13","600","250","5",21,6,1
"R_1HCaMzBEdo47iSQ","200","16000","400","1200","4500","500","15","300","12","500","400","5",19,7,1
"R_7pg04mYUxXIV0pI","250","15000","600","3000","5000","1500","20","75","5","200","12","5",24,1,2
"R_7JUU6ZwW1reLhVY","40","125","12.5","800","208.3","4.16","40","125","12.5","800","208.3","4.17",19,7,2
"R_2x9I0EF9g4gz0U9","1200","547,500","13,725","24,000","228,750","18,250","3","4","2","27","7","1",20,1,1
"R_54yA61PZe0NAvBv","100","50000","25000","800","25000","50000","40","1500","75","800","1250","50",19,7,2
"R_5ngWTAVTvXpVnix","200","9000","850","2500","6000","4000","20","600","50","250","500","20",19,2,1
"R_8G0pZD55nzAKDqE","100","3000","200","1500","2500","300","10","500","20","400","700","5",18,1,2
"R_7PBIblKDzXZlELN","1.33","125","12.50","26.66","208.33","4.16","40","18000","450","800","7500","600",20,6,2
"R_3Cl0mztPiOKHQwW","50","1750","100","820","1400","75","30","1300","50","750","1100","40",20,1,1
"R_1TTt2hHYdftycdb","400","18000","500","3200","7500","2000","20","300","30","200","350","12",19,7,2
"R_1QsqP4ULyJd8L6j","40","1500","75","800","1250","50","1","1","1","800","1250","1",18,6,2
"R_5mCFYnC1uMp7uQp","160","20000","2500","3200","10000","800","15","250","5","200","200","5",22,1,1
"R_5oQT66xHiX3DAT7","800","3000","112","900","1875","100","20","750","35","400","755","50",30,2,2
"R_17kWhHZ3BsqNmR0","10","125","12.50","200","208","4.16","40","1500","75","800","1250","50",19,2,2
"R_4qhClJRY9yeWWeB","120","5000","1000","2000","5000","1500","20","50","5","300","200","2",22,4,2
"R_1PgFUX5k5oPOeXQ","80","3000","450","1600","7500","600","20","125","12","400","208","4",21,2,2
"R_2J9UjGJ6ZXe4qmB","150","1500","12.3","800","1250","150","150","1500","120","800","1250","120",19,2,2
"R_729dXqALnsA4fJ0","400","100000","30000","3000","30000","100000","2","4","1","5","20","1",18,1,2
"R_2JSKBS9kHhQXV2p","80","2000","100","1000","1800","75","45","1000","50","1000","1800","25",19,2,2
"R_1c7Wl9PrdymKQW8","80","4800","670","2000","2560","400","300","6000","750","890","2000","300",19,1,1
"R_5iWjWI4wkCSGAX9","1","1","1","1","1","1","30","1000","60","500","1000","25",18,1,1
"R_5q3CQz7bj1hucYa","40","2700","76","820","1360","60","20","600","40","200","100","10",18,6,1
"R_3f17XyGgwycNf4w","100","5000","300","2000","3000","1000","10","100","20","200","500","10",19,1,2
"R_2XagdVfZgIETBKD","33","45","34","7889","5678","4567","234567","3456","345","3456","345","345",21,1,2
"R_3c9qlVd1JylDymd","250","5000","500","1000","3000","500","20","100","10","450","800","10",22,4,2
"R_7fJym2hW7gQRwHi","4000","150000","75000","8000","125000","50000","100","5000","750","500","3000","1000",19,2,1
"R_2onW0jyCMrs3CC6","200","12000","5000","2000","5000","10000","10","200","15","400","700","10",24,4,2
"R_2o28U3A4lfPapiX","90","4000","800","1600","2000","1000","600","3000","200","800","2000","800",22,2,2
"R_2iDLiANB9IFsqRK","40","1500","75","800","1250","50","40","1500","75","800","1250","50",21,4,2
"R_7K8qPfXMTE64OET","80","3000","200","1000","2000","100","20","1000","50","300","1000","25",19,1,2
"R_5YK3NGG1MjMZ6lr","100","3000","300","1600","3000","1000","40","1500","75","800","1250","50",19,1,1
"R_3PvU80flwzc48bc","40","1500","75","79","179","456","7","6","9","4","5","6",18,1,1
"R_7Cgq41zT5uVji3N","40","1500","75","800","1250","50","40","1500","75","800","1250","50",20,1,2
"R_1VJtaj0EcsWexjz","200","3000","275","1500","3500","1000","10","125","12","800","300","10",20,1,2
"R_2yjSA8LuYlLZY2l","1200","547500","13500","24000","225000","18250","0.75","4.1","0.4","26.7","6.9",".13",19,1,1
"R_2VZ7tWi7NTwq4KZ","900","1500","2000","2,500","27,000","2000","250","1000","100","600","1000","30",18,2,2
"R_2YkNoKCfYQp3Lmm","100","10000","500","3000","5000","1000","10","300","10","200","300","5",19,7,2
"R_2CyIPf16Guj03mt","80","5,000","120","1,000","2,500","350","20","500","50","400","750","30",18,6,2
"R_25Nt9wAFGs7J2Lo","80","18000","450","1600","7500","600","10","125","12.50","200","200","5",20,1,2
"R_1D5K8Kj1kmFmvfa","100","5000","500","1200","3000","1000","200","300","10","300","300","1",21,2,2
"R_5f9qT4JQ7zUFgUK","100","5000","500","1600","100000","600","67","100","100","100","200","1",18,2,2
"R_1Yy3o9AowLiwddS","100","5000","500","1000","2000","500","20","500","15","400","350","10",18,1,1
"R_19T8p39wmgGILRL","40","1500","75","800","1250","50","1","4","1","26","6","1",21,7,2
"R_4qVX9mW89MchLUt","500","5,000","75","800","7,500","50","20","750","35","400","625","25",20,2,2
"R_1HC9jfLENb68MGC","200","15000","500","3000","6000","500","5","100","8","200","150","2",19,1,1
"R_2s2qPyX9nbCRFy9","100","6000","1000","1600","7500","1500","10","70","15","80","125",".50",20,2,2
"R_4fAOWt4pBViZDW6","60","100000","300","1600","20000","500","60","2000","100","900","2000","100",18,6,2
"R_2DBzPVR4ZGKH8lP","60","5000","400","3000","5000","600","2","50","8","40","50","5",18,1,1
"R_5iznfloqEaOH06e","40","1500","75","800","1250","50","40","1500","75","800","1250","50",21,1,1
"R_1xogub7k8SIHvyx","100","4000","400","1000","3000","1550","20","500","45","400","1000","35",19,2,2
"R_5lgHFdUZhaApm4V","60","3000","175","975","2000","120","30","1000","22","650","950","5",18,1,2
"R_1Jz8HBfKIjZP57h","500","30000","500","8000","10000","1000","10","15","5","30","50","0.50",21,4,2
"R_5I6UfFVp7fmghNv","50","2000","100","850","1500","100","30","1300","65","650","1200","25",19,1,1
"R_6GW8S48JmBKJcih","120","4000","300","1200","3000","200","20","500","20","200","300","10",19,1,2
"R_1Abg7KpnWvzSZNf","1240","18000","450","24800","7500","600","12","40","120","60","35","40",19,4,2
"R_7sgMiOIBz5sIXro","40.40","1699","79.64","808.08","1327","56.34","40","1500","70","792","1200","44.38",19,4,2
"R_2yNcBxKeMt3o4Uh","50","2000","150","900","2000","100","30","1300","50","750","1000","25",21,1,2
"R_2gcBYKmMHsjRUs5","100","20,000","500","1,000","4,000","100","5","200","25","200","800","25",19,1,2
"R_2kLJnt4U1s1yJYL","1.5","125",".41","26.6","208","4","40","1500","75","800","1250","50",19,6,1
"R_29ASPogutY5izqF","200","30000","800","1500","20000","1200","15","100","10","120","95","10",19,7,1
"R_3irgLWrbdr9HEBC","150","5,000","1000","1000","5000","1200","10","500","20","400","550","10",20,1,2
"R_6ZDjZWBPKFwwT3g","160","5000","300","2000","5000","1000","20","200","15","300","100","5",20,1,1
"R_7fCKAZpBBtq6537","400","1500","1000","800","3250","5000","4","150","7","100","250","5",19,2,3
"R_5Nov6ATFVs98fvP","45","2000","100","825","1500","150","40","1500","75","800","1250","50",22,1,2
"R_6Hj8eOGAogwlBaF","40","1500","45","800","375","50","20","600","45","800","500","20",18,1,2
"R_2VdqTnQEOpxz5wf","1200","550000","14000","24000","225000","18000","1.2","5","1","27","7","1",NA,NA,NA
"R_3qpYwRRX4kvxvl7","40","2693.78","77.25","808","1287.50","52.50","39.60","1415.09","72.82","792.08","1213.59","47.62",19,1,1
"R_2uVJR9MOuQw1RMl","160","78000","1950","3200","32500","2600","10","125","12.5","200","208","1",21,1,1
"R_2BWd60d1BNMlLRc","1200","54000","13500","24000","50000","6000","5900","8655","900","40","500","70",20,6,1
"R_2nBZdJ9I29qMc7v","1200","540000","14000","24000","225000","18000","1.5","5","3","25","200","1",NA,NA,NA
"R_5011XTLLyeqXEXE","150","5000","400","1000","3500","800","25","400","50","350","500","30",18,7,2
"R_1INovoU7WLGpVD6","60","10000","3000","800","6000","800","10","300","10","80","200","5",18,1,1
"R_1qEeWP0J3IilUfm","200","5000","500","2500","5000","3000","10","50","10","150","200","5",21,1,1
"R_5fkYmC8ejJHbLC5","200","5000","450","1200","5000","1000","20","70","5","40","75","1",19,6,5
"R_7coMTj1JP0tXCao","120","25000","400","2500","8000","700","10","500","25","200","400","10",21,7,2
"R_7CIS2Qyj3KdtwVa","1200","540000","13500","24000","225000","18000","1.30","4.16","0.41","26.66","6.9","0.13",20,1,1
"R_5QMPd36MWKZp8lZ","100","10000","500","2000","3000","5000","10","100","20","200","600","5",19,7,1
"R_7eJEC6kJG7Eo76C","200","10000","5000","1000","4050","500","20","500","25","80","1000","15",18,1,2
"R_5qaVQ5tdKpXuOFH","40","1500","75","800","1250","50","40","1500","75","800","1250","50",19,1,1
"R_33VmhKCvJDoRrTo","120","10000","500","1600","6000","500","10","350","5","200","250","5",19,6,1
"R_21j8nPk6MwyBPNy","200","6000","500","1400","3500","600","10","400","5","300","300","2",24,1,2
"R_2oBnmpjX8jyPt5n","1200","5478500","13500","24000","225000","18250","1.3","4.1",".42","26.6","6.94","1.39",19,4,1
"R_1PMNLFFaOkcO2yC","40","125","13","800","7500","5","40","125","450","800","209","600",22,1,2
"R_2f74IINZOP5sExm","41","1590","77","816","1275","52","39","1440","71","784","1213","48",19,7,1
"R_1oAMcAp2OR3RfZn","100","10000","600","1600","10100","5000","100","500","50","1600","10100","100",18,2,2
"R_5OJ8mm6SyKRFCWl","400","10000","1000","2000","10000","1000","10","25","5","40","40","2",18,4,2
"R_2NxJ8YNuivq6GHS","70","3000","150","850","1500","75","40","1500","75","800","1250","50",20,1,2
"R_5E6aKTnQT5LUw8s","1,240","558,000","13,950","24,800","232,500","18,600","1","4","2","25","6","7",18,1,2
"R_7TREq8JcUaPaM8N","20","750","37.5","400","625","25","20","750","37.5","400","625","25",18,1,2
"R_1PdufiWpg5ynQvx","1.33","4.11","2","3","4","2","3","3","2","1","4","2",19,1,1
"R_2fpEDIyRa1upzDN","40","1500","75","800","1250","50","40","1500","75","800","1250","50",19,1,2
"R_1lRk58WywnXlNJ2","40","18000","450","800","7500","600","40","125","12,5","800","208","4.1",19,1,2
"R_12g5FPlG8wXBL0Z","20","125","12.5","400","208","4","80","125","12.5","400","208","4",19,6,2
"R_1hLHeuxBw13Cc4r","800","28000","1500","12000","20000","1000","2000","2000","2000","2000","20000","2000",19,1,1
"R_5AS7Uv47a1bVs9A","$70","$1580","$77","$804","$1262","$52","$39","$1478","$74","$796","$1242","$49",22,2,1
"R_36xKsWmPMkWxzGN","40","1700","75","800","1500","50","40","1400","75","800","1300","50",19,1,1
"R_2OlGH1AcYkP5hIe","160","18000","450","1600","7500","600","1.30","120","12.50","26.6","208","4.16",19,1,2
"R_3EuTrkZUAv2fAOC","1200","540000","13500","24000","225000","18000","1.33","4.17","0.42","26.67","6.94","0.14",19,6,2
"R_32m0kwyJolpTqd2","50","2000","150","810","1350","150","40","1500","75","800","1250","50",19,1,2
"R_6eXqatRFvm5OnMJ","1241","558000","432450","24800","232500","18600","1","4","1","225","2","1",26,1,1
"R_7S3svo5LY12i6Z6","320","78000","1800","3200","30,048","2600","1","29","3","200","52","1",18,4,2
"R_3PhArUcLDKXdZQJ","160","72000","1800","3200","30000","2400","10","30","4","200","52","2",22,2,2
"R_5SGKaafo11mPYwI","40","1500","75","800","1250","50","40","1500","75","800","1250","50",27,1,2
"R_6wNwqtJ3c5GJfhV","80","2000","150","1000","1500","150","20","1000","50","400","1000","20",21,7,2
"R_5EsC9K5gxHOW26E","160","72000","1800","3200","30000","2400","10","32","4","200","52","1",20,1,2
"R_77rOwyiteN7qC52","42","2694","101","840","1675","90","10","100","15","250","200","5",22,1,1
"R_7exglTi3RL16QNR","65","5,000","300","1,500","6,000","5,000","10","100","5","250","150","2",20,1,2
"R_5hWq5m8Pa2ZF37x","40","125","13","800","209","5","40","1000","50","400","500","40",22,1,2
"R_6KnPeOhWsRH8rdv","4000","5400000","13500","24000","225000","18000","1","50","5","20","100","2",19,6,2
"R_5tulhLgyUGxAqB0","40.20","1592","77.30","805","1290","53.10","40","1414","73","799","1212","48",19,7,2
"R_7fT682kjCCxv2xz","40","1500","300","800","5000","6000","70","600","25","39","56","15",19,1,2
"R_6gduLD6cf5TStL5","400","3000","500","1000","4500","5000","4","15","0.07","8","100","5",20,2,2
"R_5ccEu9Q2ItJJLB7","100","2500","600","1800","3000","900","10","200","5","300","400","5",19,2,2
"R_5PcKVruIbilT2gD","40","1500","75","800","1250","50","40","1500","75","800","1250","50",20,6,2
"R_5Nqr1F4ewQJUc63","40","1560","79.50","808","1325","56","39.60","1339","70.75","594","1179","47",19,1,2
"R_5PbokegG90utHqV","80","3000","200","1500","3000","100","30","125","35","450","300","20",19,2,2
"R_7DtMVGexuUPtHC7","200","20,000","500","3500","7500","850","10","250","15","200","175","5",22,6,1
"R_6EXOrPHbb92fDho","1.29","4.10",".41","26.60","6.90",".13","1200","570,500","13,500","24,000","225,000","18,250",23,6,2
"R_6ndBrZkfJMpZ89L","1.33 a day","125 a month","12.5 a month","26.6 a day","208.3 a month","4.16 a month","1.3","125","12.5","26.6","208.3","4.16",23,1,1
"R_6HUEqK8u3rZQFIp","1200","18000","450","24000","7500","600","50","125","60","800","208","50",19,4,2
"R_3cZDLwV0nmYL6BY","40","1500","75","800","1250","50","50","1600","100","850","1400","60",21,1,1
"R_6mqFiBvWWPKx6il","30","1400","65","700","1200","40","30","1400","70","700","1200","40",21,6,2
"R_3ZNzvL8339WxBWF","80","6000","900","2000","4000","4000","100","2000","200","1000","1800","200",20,2,2
"R_3qcS0y757kyoVXP","40","18000","450","800","7500","600","40","125","12","800","200","5",18,1,2
"R_1kBrfNIP31fJ76o","120","10000","2000","1500","10000","500","12","40","5","30","16","2",20,2,2
"R_1Rt4YG0QbLOAkhY","600","10000","3000","8000","15000","3000","10","120","20","150","300","15",21,1,1
"R_5shPWpjO3L8jaqB","80","6000","400","1600","3750","600","20","250","15","400","250","5",20,2,1
"R_5yJPWWFZfiPmGOZ","100","5,000","200$","1,800","4,000","1000","10","100","15","100","600","5",23,1,2
"R_1UPNInAWHu10r8l","40","1500","75","800","1250","50","80","3000","750","1600","1500","100",26,2,2
"R_1GTge1FZDlrCddF","200","12000","1000","2000","15000","500","20","500","20","400","100","15",18,6,2
"R_6kfqgwyvPFCKVY5","160","18,000","450","3,200","7,500","600","10","125","13","200","208","5",20,1,2
"R_7zjbZ4jVhYVyter","50","1700","90","850","1400","60","38","1200","50","600","1000","20",19,1,1
"R_7CllZEYfTwsgMdj","200","10,000","1,000","2,000","5,000","1,000","30","200","20","200","500","40",18,2,2
"R_7MYAM4A6PhiANwQ","190","30000","2500","3500","9000","6000","9","100","5","70","120","4",19,2,2
"R_6rIC9lSKZgSJCXG","100","5000","250","1000","3500","400","20","1000","50","600","1000","30",19,2,2
"R_6saqyj2GXryyHAd","400","12000","1500","1200","5000","500","1","120","10","500","900","10",44,1,2
"R_6tsWKRiVaFG2btK","80","10000","300","1200","2500","300","40","1500","75","600","1250","50",18,4,2
"R_6oGYeUMunH4ey5c","80","15000","125","2000","3250","1050","25","500","45","500","650","25",21,1,2
"R_31ypgn3Oe0abkxl","120","5000","1000","1600","3520","1250","10","100","5","200","250","1",20,1,1
"R_1mgCUpHwM312m2q","400","18000","450","800","7500","600","400","125","450","800","7500","600",20,2,2
"R_3tMAM4cOXtj6bED","1,200","9,000","13,500","24,000","225,000","9,000","40","500","50","400","600","50",37,1,2
"R_2q9ivvbUVKnBwKB","1,200","547,500","13500","24000","225000","18250","1.33","4.11","0.42","26.67","33.61","0.14",21,2,2
"R_7bQAmPV611yhf4L","60","3000","110","900","1500","100","30","1000","45","750","1000","20",21,1,2
"R_1KvZUApGXVFWE5e","400","6000","4000","2000","8000","2000","20","400","30","300","200","5",18,6,1
"R_5LLj5JW7VN9ut2A","160","18000","450","3200","7500","1083","80","18000","450","1600","7500","5",21,2,1
"R_3P68N7yjfQBRCA0","1.01","125","12.5","27","208","4.1","1200","10000","450","8000","7500","600",21,4,1
"R_3j8j4zngBLmmvtd","200","3000","500","1500","4000","2000","15","50","5","200","75","2",20,2,2
"R_6njfAuXgdDCHaP7","100","5000","200","1000","2500","150","20","500","20","600","600","10",19,6,1
"R_1OV5bBVsWHgEBcR","150","18000","450","1600","7500","600","5","125","12","400","250","5",18,1,2
"R_3V3V7bhPSaz7I05","80","10000","1000","1200","6000","6000","10","100","15","200","175","5",20,1,1
"R_1v0fZoPwvhhJfxf","40","1500","75","800","1250","50","40","1500","75","800","1250","50",18,4,2
"R_6H6sIWArtRj8t5L","200","18000","13500","24000","225000","18250","10","4","12","26","40","5",19,6,1
"R_316rQcBgRlj0QeD","40","1500","75","800","1250","50","80","3000","150","1600","1500","100",46,6,2
"R_7iIvX0mg7m2nyj7","1600","18000","450","4000","1500","600","1.3","125","12.5","26.6...","108.3...","4.16",27,7,6
"R_3qE89QhkoOSfBGF","80","18000","450","1600","7500","600","1.30","4.16","2.4","26","7","1",19,1,2
"R_4ayICOpsvo8RjkB","40.80","1584","81","816","1350","56"," 39.20","1425","69","784","1195","45",20,1,2
"R_5NDROBcUfBjiaUD","150","10000","500","2000","7000","5000","15","80","15","200","350","3",22,7,2
"R_1gZAGgQzHRVXwoV","55","2500","125","850","1400","150","30","1250","45","650","1000","10",20,1,2
"R_6rYSQgAUwnH0BDQ","40","2500","120","800","1320","150","40","500","75","800","1200","50",19,1,2
"R_7nHjgW6MnahvdT5","40","1500","75","800","1250","50","40","1500","75","800","1250","50",19,4,2
"R_3lLBzKFndulUSoR","80","10,000","450","1000","8,000","1000","20","1200","60","700","1000","40",19,4,2
"R_3qpYdY4LmQ46kHY","150","5000","200","1200","2500","100","20","500","10","500","400","5",29,2,1
"R_1CqVj7NB6LrWcZR","40","1500","75","800","1250","50","39.60","1500","75","800","1250","50",21,3,1
"R_3rdiL94AEhcV3oR","160","18000","900","3200","1500","600","5","125","12.60","400","209","4.02",28,6,1
"R_1ZExFZFFqbC8Fbl","60","3000","150","1000","2500","500","30","750","40","600","700","10",28,7,1
"R_5HiVFNpRvT99LGn","250","3000","500","1000","3000","200","20","800","50","600","600","20",21,1,2
"R_5amEy2Pgjd3TLWK","120","5000","220","1000","1500","500","120","1000","25","400","650","10",27,6,1
"R_3H16crr2lSLzbs0","40","2000","90","800","1300","100","100","2000","100","800","1500","100",19,7,2
"R_5bK9XddoGk6isWh","40","125","13","800","209","2","50","1800","90","1000","1400","75",20,2,2
"R_2mqGm9B9cA1xLze","200","15000","750","8000","5000","5000","5","50","5","50","20","5",22,2,2
"R_51VKrw8gVCkr5rb","40.33","1650","78.66","806.67","1310.88","55","39.68","1363.64","71.50","792.05","1191.86","45.45",23,6,2
"R_6JKJiLV470RKVyW","100","1800","300","1000","3000","1600","40","120","10","30","45","20",20,1,2
"R_5Lj0JqSDsBrqHLY","200","10000","600","1500","9000","16800","5","120","10","50","200","5",22,1,1
"R_15FbudbSf7rEy3l","120.00","72000","1000","1000","10000","5000","20","300","75","400","300","50",41,2,1
"R_1OHoTq1XMVP5Ty6","40","1,575","76.85","800","1250","50","40","2000","76","800","1250","50",18,7,2
"R_7Cs9khJ5FHIEAEI","1","125","13","27","208","4","40","1500","75","800","1250","50",24,4,2
"R_74ccbeK7aYyVcLD","150","10000","1000","2500","5000","750","50","1000","50","650","1000","35",21,2,2
"R_7f1mjXRexOK7m5m","1","125","12","25","208","4","180","1000","50","400","1000","20",23,1,2
"R_6mPXEoVTrc448aB","1200","547500","13725","2400","228750","18250","1.34","4.11","0.41","26.67","6.85","0.14",22,1,2
"R_5FmuRppfOWGZSWR","1200","15000","450","1600","5000","500","10","1000","60","500","1000","40",19,1,2
"R_5LVUQuRS5jtjPzP","1200","547500","13650","24000","227500","18250","1.5","100","2","30","8","0.5",21,1,1
"R_3Nn0FFxUAECtHWg","40","125","12.5","800","208.33","4.17","40","1500","75","800","1250","50",20,1,2
"R_6JE6di38GR9YCeU","100","3000","500","900","1500","300","25","1100","50","700","1000","20",21,1,2
"R_22L05P6ISVlkk1S","300","20000","1000","5000","10000","500","10","200","5","100","50","5",21,1,2
"R_6b4Dl9zJNxxhPj3","60","10000","300","2000","3590","1001","20","500","25","200","450","10",21,7,1
"R_7I4xyjhcnYrFhJY","100","18,000","450","1000","7500","600","20","900","40","400","250","10",23,2,2
"R_7ozPVcPmCHv8A9t","120","2500","300","1200","2000","1000","20","500","30","500","300","10",26,1,2
"R_5P0yptBzhZSth0y","80","18000","450","1600","7500","600","1","125","13","27","208","4",20,1,2
"R_7RfTH8YTZ78Oqul","50","1650","78","810","1310","55","35","1400","70","790","1200","45",32,2,1
"R_6l8PsanoMGxBiUh","40","2000","600","1000","2500","600","40","750","5","400","625","10",21,1,2
"R_37OI7E8F1zDkLrZ","80","18000","525","1600","8750","650","10","300","15","400","125","10",27,6,2
"R_3gc3167GieeE08G","20","125","10","400","200","10","400","500","7","80","150","5",19,6,1
"R_6JlTG7ZT8movJwF","80","6500","225","1000","4500","350","25","500","35","400","750","15",22,1,1
"R_7KlG2nyo04Imqq4","80","5000","500","2000","3500","200","20","350","40","300","750","15",20,1,2
"R_3pWJAj5IsScJ9x2","70","2,500","200","850","1,500","200","20","900","20","500","800","10",18,2,2
"R_5QsagX0pDBYGbQW","400","15000","750","8000","12500","500","20","200","50","400","600","30",21,1,2
"R_5HqOOcL4rDKzpAN","20","125","12.5","200","208.3","4","20","125","13","100","500","10",25,7,2
"R_5h5QaKE6O4tlkDR","100","1,000,000,000","2,500","1,000","75,000","1,500,000","1,200","100,000","800","1,200","35,000","3,000",20,6,2
"R_6UgXiHTN0fzpFrX","200","9000","500","2500","5000","3000","20","30","25","400","100","5",21,2,2
"R_6pfgXvHZ2FBNZry","40","1500","75","800","1250","50","40","1500","75","800","1250","50",20,1,2
"R_5DLKjZQ9HOAbJWR","800","40,000","10,000","3,000","25,000","15,000","100","3,000","1,000","2,500","5,000","1,000",19,1,2
"R_7wnGf4s2RNdfYSl","900","547500","8000","17600","45500","18200","3","100","75","50","200","50",19,4,2
"R_6AL7PILRu2FRXgt","1,200","547,500","13,725","24,000","228,750","18,250","20","40","20","40","30","4",20,1,2
"R_69oBUVyEaPkOPU3","40","1500","75","800","1250","50","40","1500","75","800","1250","50",21,4,2
"R_7R1ls2bxNpwlSob","60","3000","112","1000","1875","100","20","750","50","600","1000","30",21,1,2
"R_51c3MQDEy3lUxSp","150","10000","500","800","6000","1000","10","150","15","200","450","10",22,7,2
"R_7oUcBgbsf50gevT","3.33","125","75","800","208.33","4.1","40","750","37.5","400","600","25",21,2,2
"R_5gT3ZLW4lddHB9b","60","5000","125","1200","2400","100","220","750","30","300","3000","20",21,7,2
"R_1Ei5x8XfC3dxlV0","1240","18000","450","24,000","225,000","18,000","40","1500","75","800","1250","50",19,1,2
"R_7aqtpgTD5V2cNT4","200","10000","500","17000","8000","600","15","50","5","120","800","2",18,1,2
"R_7jpJRy85zGQeAQ6","150","10000","500","4000","7500","5000","10","400","15","200","200","5",20,1,2
"R_6s4a9N6AqHmgOc3","1200","540000","13,500","24000","225,000","$18,000","$2","$5","$1","$27","$7","$1",20,1,3
"R_6huxiWKUWhaLoLM","80","3600","900","1600","25000","1200","40","1500","75","800","1250","600",19,6,2
"R_3zEwHncSZG5LohX","80","3,000","150","1,600","2,500","100","20","750","40","400","625","35",19,7,3
"R_34EsqjiySJagSvT","$80","$30000","$4500","$1600","$7500","$50000","$20","$125","$12.50","$400","$208","$4",18,6,2
"R_61TLCNnc51QOLgB","160","18000","450","3200","7500","600","10","125","13","200","208","6",21,1,1
"R_6D3hgv7wzgjODaF","100","5000","500","5000","10000","500","20","400","5","400","300","10",21,1,2
"R_7g6pD5PU6wbg4X4","500","15000","800","500","1200","10000","10","1000","300","800","600","1",19,1,1
"R_7DwG1iykoQu0tdc","160","10,000","500","1600","6,000","850","15","250","15","250","70","5",18,1,2
"R_56b6Hz2YKk4pJE1","80","5000","210","1700","6500","1000","25","500","45","550","800","15",18,1,2
"R_7jSUSjEYzenYtvb","100","15,000","200","1000","2,000","300","10","200","100","80","1000","100",21,1,2
"R_6sdRpjATcwC8HU1","500","10000","400","15000","100000","20000","5","30","5","20","40","1",21,2,2
"R_5M0Zh7eWz4J9KcP","80","10,000","500","1,200","5,000","1,000","20","500","10","200","20","5",18,7,2
"R_7w0KrMYzB6SZTXC","100","5,000","500","2,000","5,000","5,000","10","500","15","200","500","25",18,2,3
"R_1pmB5AeCqGaaJff","1,200","18,000","450","24,000","7,500","600","1.50","125","12.50","26.50","208.50","4.50",20,1,2
"R_7VaRbwRUTjD89fX","2,000","100,000","500","1,000","4,000","300","25","500","20","150","400","20",18,4,1
"R_1OjfNRMqcDArN9F","1500","20000","300","2000","5000","3000","75","2000","100","1000","2000","150",21,1,2
"R_569DlwLK6uL57kl","1,200","540,000","13,500","24,000","225,000","18,000","1.34","125","12.5","26.7","208.4","1.67",22,6,2
"R_6XhROqvoMtKbyGE","80","5000","150","900","4000","300","20","750","35","600","575","10",18,1,2
"R_5rvv0jPneJKU4rC","60","2000","100","850","1500","100","35","1300","60","750","1000","40",20,1,2
"R_1g6ienrbv3y8UEO","100","18,000","450","2,000","7,500","600","10","500","30","80","208","10",18,7,2
"R_6P5aLCs6IcX6o89","150","10000","7500","1500","8000","6000","10","600","20","200","500","10",19,1,2
"R_1Uo5kA4MHPEnnkR","$80","$150,000","$7,500","$1,200","$45,000","$50,000","$30","$800","$50","$650","$700","$25",18,6,1
"R_5P89QGhTtvnfT6N","1200","72000","1800","24000","30000","18250","2","31.25","4","27","7","1",19,1,2
"R_6AHjUXshxpv2syR","200","18000","1000","800","5000","1000","40","1500","75","200","1250","50",21,7,2
"R_3LxfHGf1k5R1qoN","300","25000","3000","10000","30000","1000","100","250","5","80","250","2",18,2,2
"R_58ZMsuLaU3BAyAn","$40","$1500","$75","$800","$1250","$10","$1.3","$125","$12.5","$26","$208","$1",27,6,1
"R_5wGilkcQkSTv7kE","800","360000","9000","16000","150000","12000","5","10","2","50","5","1",19,1,2
"R_5gUkg4kjpL26Jut","100","3000","200","1000","2500","250","20","750","50","600","1000","30",20,1,2
"R_1zZqQNL3xqHEn4B","100","18500","475","1600","7650","750","20","110","15","400","200","5",18,1,2
"R_60x9FJu16QziDD1","40","1530","85","800","1275","80","20","850","35","400","950","25",18,1,2
"R_7fz58rO306Vhp9T","50","1500","500","800","1250","1000","20","50","10","500","100","1",21,1,3
"R_17z4M4X6QzMx0wV","100","15,000","500","1400","5000","1000","5","500","10","200","500","1",19,1,2
"R_1Olg2OpBFArHhDb","400","5000","750","1000","1800","1000","10","150","20","500","125","10",20,1,2
"R_6GT8NcwFtAnnPbs","20","750","37","400","625","25","80","3000","150","1600","2500","100",21,1,2
"R_3vLkGAvnkmXQMRH","20","125","12.50","400","208","4","20","125","12.50","400","208","4",20,1,2
"R_5S7zcuiezsNj59R","50","2000","90","850","1500","150","35","1000","50","650","1100","35",18,6,2
"R_7BF1GVCBjJyNE2Z","1,000","18,000","8,000","24,000","7,500","600","20","500","15","200","250","5",27,6,3
"R_5C8K8bil0NRM957","200","5000","700","1100","2500","500","5","300","20","200","200","2",18,1,2
"R_7qgNG4WQfGmfbDp","80","3000","600","1600","3200","500","20","750","35","400","600","25",19,1,2
"R_1noBGq2Ffr9LgQK","40.40","1575","77.25","808","1287.50","52.50","39.22","1428.57","73.91","792.08","1231.46","47.62",21,6,2
"R_7FYsu4eAF9EB93X","$40","$1575","$76","$803","$1280","$52","40","1575","76","803","1280","52",20,2,2
"R_5YD2lak55N473bj","40","1500","75","800","1250","50","40","1500","75","800","1250","50",20,2,2
"R_6prNHWN4O99uOTd","125","18,000","750","2,000","12,000","5,000","15","250","20","45","350","10",19,1,2
"R_7d6KCw7WxdhCz5L","250","6000","500","2000","4000","750","10","150","15","100","200","3",19,1,1
"R_3PAwuBObqleL8RD","20","35","12.5","13","100","0.13","100","3000","75","750","1500","45",20,1,2
"R_7QmmEKh56G7Rx6P","40","125","12.5","800","208","4.17","50","1000","80","500","1200","40",18,4,2
"R_7ay6COIb0HpQ2UA","80","2500","300","1000","2000","300","5","500","20","200","600","5",22,1,2
"R_5prSeSMEQhQS9Dp","500","80000","9000","4000","38000","10","40","1500","400","1000","1500","50",20,1,2
"R_1fDrIsW7V5C6VB5","100","4500","300","2000","4000","1000","20","200","15","200","75","10",18,2,2
"R_5PRv7NQIW1aQggh","200","15000","500","8000","6000","5000","40","500","20","80","125","15",22,4,2
"R_5k6lWRSstOV31tf","160","72000","1800","3200","30000","2400","10","375","3.12","200","52","2",18,1,2
"R_7eCSKLwZDGysmgH","40","125","12.5","800","","","40","1500","75","800","1250","50",18,1,2
"R_5pPPYYFgVn7k27Z","1200","15000","3000","1000","5000","10000","100","1500","75","800","1250","50",19,7,2
"R_3t9ZbVjhT4rbLlR","100","8000","500","3500","5000","500","5","100","1","10","100","1",40,6,2
"R_1rk5ePRE70vghsJ","160","72000","1800","3200","30000","2400","40","250","55","250","500","50",18,1,2
"R_3MKZEuyI6hM2cxc","80","3000","200","900","2000","200","20","500","35","400","600","100",19,1,2
"R_1s7ruhJuFM3xYfB","1240","547500","13725","24800","228750","18250","1.29","4.11",".41","25.81","6.83",".14",18,1,2
"R_1uNMWwZ4wtXmOGZ","1200","18000","450","2400","7500","600","5","400","10","250","200","5",21,6,2
"R_3EG6Sm2tJh90gO5","40.40","1575","77.25","808","1287.50","52.50","39.22","1428","73","792.08","1231.46","47.62",19,1,2
"R_6zpR4Vry5tbBFon","400","3000","150","1600","2500","600","38","834","55","761","933","29",18,1,1
"R_1Xo3eSlc8Cyliz8","200","5000","500","2000","3500","1500","20","200","40","100","200","30",18,2,2
"R_584E59jfhXRPHbz","40","125","13","800","108","4","40","1500","75","800","1250","50",21,6,2
"R_3Pca810jG3QauIs","120","1500","1000","800","1250","1000","15","500","20","400","400","100",18,1,1
"R_33z3fQOmd0ic2zf","150","5000","300","2000","5000","1000","10","200","20","300","400","20",19,5,2
"R_74pUgtqgdcVVB0Z","80","18000","450","1600","7500","600","40","1500","75","800","1250","50",18,1,2
"R_6YsxCKvpYw3ABE0","100","5000","2000","1800","2500","3000","25","200","25","150","500","15",19,1,2
"R_195iheDA5Asprqx","80","5000","500","1500","5000","1000","20","100","10","100","50","5",21,1,2
"R_1fIbvLxMXaesTFv","1200","547500","13696.5","24800","227500","18250","40","500","75","800","850","50",22,2,1
"R_3fvdFgP8JHLEDCN","40 today","1500 today","6 months","1 month","1250 today","12 months","20","1400","75 in 6 months","800 today","1250 in 6 months","50 today",20,1,2
"R_1iqGbR391KLJWts","100","5000","500","2000","7000","900","20","200","10","150","400","5",18,6,2
"R_3QnoO1x2MylzmbJ","80","20,000","600","2000","3000","10000","25","400","200","1000","400","200",18,6,2
"R_3q2AHO4eTaQeemp","1,200","547,500","13,500","24,000","225,000","18,250","1.33","4.11","0.42","26.67","6.94","0.14",19,1,2
"R_1suD9xQXA8Fdn8X","80","18000","2480","900","15000","600","","","","","","",20,1,2
"R_5gXjQy9tdMKqdIE","50","2000","500","800","1500","750","10","250","20","100","250","50",20,1,1
"R_3L2xf2InNBYT6hP","90","3000","100","1200","3000","2100","25","500","40","200","700","50",18,1,2
"R_6Y96pKWh431naAW","340","5100","1875","1100","3050","3650","40","1500","75","800","1250","50",18,1,2
"R_6gJMkokBtWG9T3z","20","125","75","400","209","50","40","200","75","800","208","50",21,1,2
"R_1eRzhpY7UJi1AA8","1,240","547,500","13,950","24,800","232,500","18,250","1.27","4.11","0.40","25.81","6.72","0.14",18,5,2
"R_1ixkIAH6xoVOrjY","40","1500","75","800","1250","50","40","1500","75","800","1250","50",19,7,2
"R_50dEnqFC8PMsIwo","55","4000","500","1000","6500","1200","25","700","45","300","600","20",19,4,2
"R_61QLNubPOUxJLOH","40","125","15","900","208","150","40","1500","75","800","208","50",20,6,2
"R_7gzosoUnvSXK5DQ","1200","1500","75","800","1250","18000","40","1500","75","800","1250","500",18,6,2
"R_3EFK7AsNxsy80Lg","$45","$1520","$80","$801","$1260","$55","$35","$1490","$72","$795","$1245","$45",18,2,2
"R_72XfEdGwABkpUeI","1000","4000","1500","1600","10,000","1500","20","100","20","250","200","10",18,1,1
"R_3KdJKDw6mhZlMko","80","18000","450","1600","7500","600","20","125","12","400","20","25",20,6,2
"R_3lyqV6Wsm9W2mfZ","1250","19000","500","25000","250000","19000","10","100","10","250","600","5",18,1,3
"R_6vdsP6eI5g7kq0p","42","1700","100","900","1350","150","30","1300","50","780","1150","25",18,1,2
"R_3FFmf8Ss99yHmxP","60","2000","150","900","1300","65","35","1200","60","750","1200","40",19,6,2
"R_8FEUTZXX97tDWdB","10","125","12","200","208","4","160","125","12","200","20","4",18,1,2
"R_3JRAbuEYTCOJ4z6","10","125","12","200","208","4","160","125","12","200","20","4",18,6,2
"R_5Pd7YPlaETUbVdU","10","52","26.1","200","47.9","0.98","10","125","12.5","200","208","4.2",18,6,2
"R_5CwPGJtTZk5IHe8","400","15000","7000","1800","12500","5000","4","150","35","80","125","5",20,1,2
"R_78ZWvKYfMsLoJYB","80","3000","450","1600","7500","600","20","125","12.5","400","208","4",20,1,2
"R_5h0K5dHSkupBLTu","120","9000","450","2400","3750","600","20","250","25","300","350","20",33,1,2
"R_6lM6WBhAe4kgD8t","40","125","75","200","650","12","1","1500","1","800","250","50",23,1,2
"R_1YJ77OM88CEu0TT","1200","540,000","13500","24000","225000","18,000","1.333333","125","12.5","26.66667","208.3","4.166667",29,6,1
"R_5RkhnknuTARvLGa","80","5000","375","900","3500","600","40","500","75","100","150","50",18,NA,2
"R_6nQ2QPT23QucWPt","1200","540000","13500","24000","225000","18000","2","5","3","26","375","3",18,7,2
"R_6YMsJgH4F2fgFrl","40","1500","75","800","1250","50","40","1500","75","800","1250","50",19,2,1
"R_1jGKx4faNalkZOR","1,200","540,000","12,500","24,000","227,000","18000","2","4","2","26","7","7",18,1,2
"R_3ZTVZlXwjdUNaYJ","100","18000","500","1600","7500","600","20","150","50","100","200","20",18,6,2
"R_6Si7WHiX5cBIUTL","200","8000","500","2000","5000","1000","10","200","15","200","400","10",30,1,1
"R_786YGj2GPmN4bip","46","4200","143","920","2375","140","35","538","39","695","658","18",22,1,1
"R_1gV03S0KtoeJ0m2","100","100000","5000","10000","100000","5000","40","1000","75","500","500","5000",18,4,1
"R_3F2F8tYI9dyNxvz","100","2000","120","1000","15000","70","30","1000","50","650","1000","30",20,1,2
"R_10dIhgl80BjGPDj","400","15000","750","8000","2500","5000","40","150","75","800","1250","50",24,2,2
"R_1pyfBe816A1RY84","100","20000","750","2000","12500","400","16","188","750","320","125","7",18,4,3
"R_3M82ZSe5DScWuf7","60","5000","500","1000","3000","200","20","500","50","500","850","20",18,1,2
"R_6Pu4gykRMnJ2nNO","75","4000","300","1000","5000","500","35","900","65","650","1000","30",21,1,2
"R_3LcW6dBtHyRcaxO","300","10000","500","2000","5000","600","10","100","12","100","125","5",24,1,2
"R_62tK0RC6gpTDjsA","40","125","12.5","800","200","5","40","1500","75","800","1250","50",18,6,2
"R_6aKz90533TDD1ZL","1","125","12.5","267","210","4","40","1500","75","800","1250","50",18,6,2
"R_7cESZJM2ib1S6sN","160","9000","500","1600","5000","600","10","125","25","200","250","5",20,1,2
"R_5HgZWhfqjXdssoQ","80","5000","500","2000","5000","1000","60","1500","40","1000","1500","50",18,4,1
"R_6iMtt25Rb6SBPoZ","800","50,000","10,000","3,600","35,000","28,000","10","60","2","40","200","1",18,7,3
"R_6A0DozQE8iCHCY5","160","18000","450","3200","7500","600","10","200","20","200","250","5",18,1,1
"R_1FazTYfBhquAMx0","1200","540,000","13,500","24,000","225,000","18,000","1.3","125","12.5","27","208","4",21,1,2
"R_7g87yyM77flHQuB","175","5400000","10000","25000","230000","20000","10","500","25","400","350","20",18,1,2
"R_1eQ247seStV4pjY","1200","18000","3000","7000","1500","6000","20","250","20","250","300","10",20,1,2
"R_1qgMJTT3Q7nj96E","80","1500","200","800","1250","200","20","1500","50","800","1250","25",18,1,2
"R_7aVCC6e34IOaB4R","80","9000","450","1600","37500","1200","10","500","15","200","550","20",20,7,2
"R_7DBtuCBjyj0nm5r","80","18,000","450","1600","7500","600","20","125","12.50","400","210","5",19,1,2
"R_6VB4LCQ9Bty2KUp","160","18000","900","3200","7500","500","15","200","12","200","200","2",22,2,1
"R_6GBreXtZfMfKRim","40","125","75","800","1250","50","20","750","75","400","1250","49",18,4,2
"R_1kRlWwOSj5ewpnN","1,000","1,000,00","20,000","10,000","30,000","600,000","20","50","5.25","150","250","1.25",18,2,1
"R_6xbuudNElqsqqtP","150","600000","1500","4000","15000","15000","25","60","20","300","250","20",18,1,2
"R_6ig1N9RSivLU3mV","200","3400","1000","1200","2400","3500","100","3500","100","1250","3550","400",18,1,2
"R_6CBB8s6nMrNHJHg","40","3000","125","800","1700","100","40","500","50","800","1000","35",19,1,2
"R_3eQVpFy0Y19ieuu","200","10000","500","1000","4000","1000","5","20","5","200","200","10",20,1,2
"R_3SJhj96pjvdGyQe","100","3000","200","1200","2000","75","20","700","25","400","600","30",24,6,2
"R_3rYdglJKk767RZ3","1000","15,000","500","2000","5000","500","20","300","45","500","900","30",20,4,2
"R_7416t2CuE5hJwgq","60","5000","250","1000","3500","150","20","1000","50","500","1000","10",18,4,2
"R_6ND4tZ61cR7rdst","45","500","70","850","678","50","45","500","56","800","625","93",19,1,2
"R_1Z4077C8V8Ijpbr","200.00","3500.00","500.00","1000.00","2500.00","500.00","10.00","500.00","10.00","500.00","600.00","10.00",48,1,1
"R_5vzSfkrOUN4JyOR","150","10000","800","1000","9000","750","20","750","30","250","500","10",18,1,2
"R_5s0joo4qJOkncvX","1200","540000","13500","24000","225000","18000","1.30","125","12.5","26","208","50",NA,NA,NA
"R_6j6W6o8RMpXLRg8","360","8000","1750","2000","5000","1500","8","300","12","100","475","4",18,1,1
"R_117iTvn9pp6tP6t","1200","18000","450","24800","7500","600","2","125","13","27","208","4",21,1,1
"R_3UC0vsFZlgfCr6N","1200","540000","13500","24000","225000","18000","1","125","3","23","25","5",18,2,2
"R_1pv1b2zuiygcoCt","130","$78,000","$13,500","$24,000","$225,000","$18,250","$500","$5000","$40","$30","$2,000","$100",18,1,2
"R_3gdNQWoUequGWqD","100","20000","500","10000","15000","30000","5","200","10","50","300","5",24,1,2
"R_1CIA6h1mIVBCkwj","400","15000","750","1600","8000","1000","30","100","20","75","200","35",18,1,2
"R_6P1cXljEmAxAC6D","40","1550","100","800","1275","51","40","1000","50","800","1200","1",21,6,1
"R_6aow0UDhera8VvH","40","1500","75","800","1250","50","20","1600","50","750","2000","45",20,2,2
"R_634wVeDxd4ECudL","1200","18000","13500","24000","7500","600","40","500","75","50","300","50",18,2,1
"R_3SD8v2kMzhml2pz","200","18000","9000","2400","7500","600","2","100","5","40","75","1",18,6,2
"R_6wuXWp4BNrDtAq4","1200","1800","100","1200","1275","600","5","6","5","6","7","6",19,1,1
"R_3DNI152yLF3G2FF","1.3","1,200","450","800","208.3","600","20","125","12.5","800","208.3","4.1",18,1,2
"R_7y2X50yw4BWv6RZ","150","18500","500","1200","8200","800","2","100","10","200","190",".50",22,6,2
"R_5mALCwnCAdE4Ay5","800","510,000","13,000","1,600","212,500","10,000","2","4","5","10","10","10",18,1,2
"R_60nBVWsw7qONrW1","300","6,000","400","1000","4000","250","20","200","30","400","300","20",21,1,2
"R_72CRiuI75JXNHaS","160","18000","450","800","7500","600","20","125","12","800","208","50",28,4,2
"R_1LhCjxAaYZKU9pL","50","3500","160","850","1500","130","10","800","5","150","200","2",19,4,2
"R_12gL9OosLxgQZfW","400","10,000","1000","800","1250","500","40","500","15","400","300","50",18,2,1
"R_5IaBVnCUZGAEtcW","4000","180000","450","800","7500","600","40","1500","450","800","1250","600",19,2,2
"R_37C0XjnZl92K0rw","20","125","15","400","100","25","40","1000","50","700","1000","35",31,1,2
"R_7LYjwDA4zBLViIs","1200","540,000","13,500","24,000","225,000","18,000","1.33","4.16","0.4166","26.66","6.94","0.1388",20,1,2
"R_5o5NzIcZLpTF7Wx","80","18000","450","1600","7500","600","40","1500","75","800","1250","50",18,7,2
"R_3OpH0H3djn1LSw1","1500","15000","500","5000","6000","5000","1","30","10","100","200","1",19,2,2
"R_6MXsSJDwgnrTgfF","1500","20000","8000","1200","5000","30000","10","100","15","60","150","13",19,2,1
"R_1MbwuFy43i6TD1p","100","3000","1500","2000","4000","7000","15","2000","100","350","500","20",21,2,2
"R_1nV0RXVfCZ6LogM","1,200","18,000","450","24,000","7,500","600","100","2000","100","1,000","2,000","100",18,1,2
"R_39puUTFTXBtVCOG","100","5000","500","1500","2700","500","20","500","15","400","300","10",18,2,1
"R_5tcaZSVxH6GhQWt","500","10000","700","4000","13000","900","5","35","10","80","120","2",20,1,2
"R_1CBBhdn1rxz3ebG","100","10000","700","2000","12000","200","20","500","30","400","200","25",18,2,2
"R_5qeUS3TXioMLEy9","40","125","12.5","800","208.3","4.1","40","2000","100","900","1250","100",18,1,2
"R_1LBz9q4RJH8WZfy","160","125","1,800","3,200","30,000","2,400","10","31.25","10","400","250","20",20,2,2
"R_55XvE9ikyxLmgDr","40","6000","150","800","2500","200","40","375","38","800","625","13",18,1,2
"R_7TWn9GkdyyO667n","38.10","$540,000","79.63","808","1326.88","56.38","40","1329","70.","792","1777","44",18,2,2
"R_6NTfTCCzhry5fsR","60","4000","150","900","1500","300","20","600","20","600","800","10",21,1,2
"R_3lSpe64t8Fg5sta","40","1600","80","800","1325","72","40","1500","80","800","1325","72",20,1,2
"R_72AtppBVbyCdHlT","130","5000","350","1000","4000","1000","20","700","50","500","850","50",20,1,2
"R_7fZbc4m4rThYWhC","300","20,000","1,000","5,000","100,000","1,000000","500","20,000","100,000","150,000","150,000","1,000000",18,2,2
"R_33a4IomlPvVANgH","160","18000","450","3200","7500","600","40","1500","75","800","1250","50",20,2,2
"R_6R9XE3lpvXlVfVs","1240","547500","136871","24800","228125","18250","1.30","4.11","2.40","25.80",".15",".15",20,2,2
"R_7xDFw1Do199OeCz","50","2500","120","850","1500","75","20","1000","50","600","900","20",20,2,2
"R_39bV54k1HvHWloJ","40","125","13","800","209","5","120","700","90","1000","2000","95",18,7,2
"R_1eS6BUSpOiAsool","160","18000","450","1000","7500","600","10","125","13","200","400","4",20,7,2
"R_1BLr2c5NBpJLxW9","390","15000","1,200","900","5,200","500","20","2900","35","270","3000","50",18,6,1
"R_3r6s6FOd4OEO1zP","350","25,000","900","4,000","13,000","1,300","5","100","10","300","150","5",20,2,3
"R_3aaxiJYGjjmmnht","80","2500","75","1000","1250","150","80","1500","100","900","1300","100",18,4,2
"R_5Ll5TEweeDKeEoh","20","125","75","400","1250","50","80","3000","150","800","1250","100",20,1,2
"R_35W94DKRGsRi317","1,200","547,500","13,600","24,000","227,000","18,250","20","500","25","401","200","1",19,1,2
"R_7WMhrCEBiR9TwIu","50","2000","100","850","1300","100","20","500","20","400","850","5",18,6,2
"R_5w1fmy80WKM6SVD","40","1500","75","800","1250","50","40","1500","75","800","1250","50",18,7,2
"R_71HWe2s6CTPQ79R","160","18000","1800","72000","7500","600","10","125","12","200","30","5",18,2,2
"R_7VL6eIVEYC2QuwP","500","9000","152,000","5,000","56,000","450,000","15","500","5","150","100","10",18,3,2
"R_5doCoU1kVGlNzR9","40","3000","450","800","7500","600","40","1500","75","800","1250","50",20,1,2
"R_1qch7PNCSjz0ecx","40","1500","75","800","1250","50","40","1500","75","800","1250","50",18,1,2
"R_1JIURLshFDv2kC8","100","3000","150","1000","2500","400","200","3000","300","1000","2500","300",18,1,2
"R_3dj9eHdDaYcj72k","100","20,000","400","1000","2000","9000","20","250","100","150","500","100",19,4,2
"R_7M3tcoeQUkNMRUH","120","12000","1000","1200","5000","1000","5","150","10","200","120","5",18,2,1
"R_5MMeoCxgDDQbL81","2,000","100,000","5,000","2,200","6,000","9,000","20","2,000","50","600","1,000","200",19,1,2
"R_72sAKo70c6YNYlg","1000","18000","3000","2000","5000","5000","40","500","75","200","500","50",19,6,2
"R_3VPgvADYbehm411","80","5000","200","850","3000","600","10","50","15","400","250","5",18,1,2
"R_7f7dc4ybdMRFsqi","100","4000","300","1200","5000","600","30","750","45","350","800","35",20,1,2
"R_5QGFHBgbhdZXfsw","200","5,000","300","1,500","4,000","1,000","15","300","5","200","50","5",22,1,2
"R_3pWdW7zVgNUBq1P","200","7000","500","1000","4000","400","20","900","10","600","800","1",19,1,2
"R_6QlIFgUfIctkNQY","1200","125","13,687.50","24,000","228,125","18,250","1.30","4.11","2.43","26.70","6.85","7.30",19,6,2
"R_1cdrFclx4fLOJsY","1000","40000","1200","8000","22000","10000","5","300","10","400","500","1",18,7,2
"R_63Efg7ZzfzXv2G4","1200","540000","13500","24000","225000","18000","40","1500","75","800","1250","50",20,7,2
"R_5NFBFSmMqqDjvo1","40","1500","75","800","1250","50","40","1500","75","800","1250","50",21,1,2
"R_32Gk0cnm1Vc2rm1","400","25000","1000","2500","7500","1500","15","75","5","100","200","5",18,1,2
"R_51b0bIyXFtWLPNV","1000","60000","5000","8000","9000","50000","20","60","15","150","30","10",20,1,2
"R_3QXZNhFXNH5cQma","100","3000","500","3000","4000","500","20","1000","40","500","400","40",18,1,2
"R_5ix62dOWqa71Bv2","1240","122,000","9.5","50","125","600","40","125","12.5","400","208","25",18,6,2
"R_3iBdfP7EDV0JecV","80","3000","450","1600","15000","600","20","1000","50","400","600","25",18,1,2
"R_7FCQCLxjsU4in8l","200","6000","1000","2000","4500","1300","20","250","30","200","350","5",21,1,2
"R_1juCzGWTtiqpvAa","40","1500","75","800","1250","50","5","50","25","200","300","5",19,7,2
"R_7zxaG6ukhw6Qa9f","200","10000","500","3000","6000","2000","5","10","5","50","20","1",24,7,2
"R_7nuEJRFOrUtAWJe","200","4000","2000","1000","3500","2000","4","15","20","80","125","5",19,1,2
"R_3u8vt2ZP6s9uyAN","100","15000","200","2000","3500","50","45","300","25","900","350","20",19,1,1
"R_5KxqU4oYXWSgwu7","80","10000","150","1000","3000","500","20","150","25","500","800","10",27,6,1
"R_5dtVOeraqgKHdDa","80","2000","100","800","1500","50","5","500","50","400","250","20",21,1,1
"R_1uvPqmW8Xof9PQt","80","2000","150","1500","4000","200","80","1700","95","1000","1400","85",19,1,2
"R_1JxGk41G7zkyO0V","100","6000","500","2000","4500","325","10","1250","55","500","1000","20",20,1,1
"R_5MZROQM2fLuV4Hv","80","10,000","3000","3500","20,000","500","15","200","10","250","40","5",18,1,2
"R_50KDmufanuRy60V","800","20000","14000","24000","225000","18000","5","4","10","26","6","50",19,2,2
"R_3E1bLIkI0MMSfRj","160","3500","150","2000","4000","1500","20","500","45","400","650","10",18,1,2
"R_3YlEWuIclEaGQzn","100","15000","1000","1600","5000","10000","10","150","15","100","300","1",18,4,1
"R_110vDbiMya693d7","80","18000","450","1200","7500","1000","40","200","50","500","600","50",20,6,3
"R_6CRwEDuYc85vgFb","80","18000","450","1600","7500","600","1","125","12","25","208","4.",23,1,2
"R_6PSNClZ0u4j9Uon","42","1,592.52","77.28","804","1,287.99","53.08","30","100","2","400","150","1",18,1,2
"R_6114iNhNmqoW2R6","42","1592.52","77.28","804","1,287.99","53.08","39.80","130","10","100","300","5",18,1,2
"R_5f3r8OzRIiw3m0h","40","150075","75","800","1250","50","40","1500","75","800","1250","50",19,1,2
"R_7khuQxBcgCdVDOH","100","4000","150","2000","3000","1000","10","100","30","300","700","20",20,7,2
"R_7mse8jw5ntdfyiu","100","5000","400","900","1600","300","10","300","10","400","650","5",20,1,1
"R_3GqOVFI1rlKCv3x","41","1600","80","900","1300","60","20","1000","35","800","1000","20",20,2,1
"R_1puM9ZcI5AEJAl0","60","4000","200","800","3000","350","15","100","10","200","50","5",18,1,2
"R_149j2RLNG2s19wR","1200","18000","450","24,000","7,500","600","1.3","125","12.5","27","208","5",19,1,1
"R_5fQxPQ7W7yiAuzv","39","1425","73","792","1219","47","39","1428","72","792","1216","47",18,2,1
"R_71Seci0xtja06kX","1200","547500","13500","24000","225000","18250","1.33",".24",".40","26","6.90",".10",18,2,1
